sequence,analyze,cai,gc_cont,sec_str,avd,accs,label
ATGACAAGTAAAGTTTACGACCCTGAGCAGAGGAAAAGAATGATAACCGGCCCGCAATGGTGGGCTAGGTGTAAACAGATGAACGTGCTCGACTCTTTTATTAACTATTACGATAGCGAGAAGCATGCTGAGAATGCGGTCATATTTTTGCATGGAAATGCCGCGTCCTCATATTTGTGGCGTCATGTAGTACCCCATATTGAGCCAGTAGCGCGTTGTATTATACCTGATTTGATCGGTATGGGGAAATCCGGAAAGTCAGGCAATGGATCGTACAGACTCCTCGATCACTACAAATACCTTACGGCATGGTTTGAATTGTTAAACCTGCCCAAGAAGATAATATTTGTTGGGCATGATTGGGGGGCGTGCCTGGCATTCCACTATTCTTATGAGCATCAGGATAAGATTAAGGCCATTGTCCACGCGGAATCGGTAGTTGATGTAATAGAAAGTTGGGATGAATGGCCCGACATAGAAGAAGATATCGCATTAATTAAGTCCGAGGAGGGCGAAAAAATGGTGCTAGAGAATAATTTTTTCGTGGAGACTATGCTACCGTCGAAGATAATGCGAAAGCTGGAGCCTGAAGAGTTTGCGGCCTACTTAGAGCCCTTCAAGGAAAAAGGCGAAGTAAGGAGACCTACGCTGAGCTGGCCCAGGGAAATCCCTCTGGTAAAAGGCGGTAAACCAGACGTAGTGCAGATCGTCAGAAATTACAACGCATACCTTCGGGCATCGGACGATCTGCCAAAGATGTTCATAGAAAGCGATCCCGGGTTCTTCAGCAATGCCATCGTGGAGGGAGCCAAGAAGTTCCCAAACACGGAGTTTGTGAAGGTTAAGGGCTTACATTTTTCGCAGGAGGACGCACCTGACGAGATGGGAAAGTACATTAAGTCCTTCGTCGAGAGGGTGCTAAAAAATGAGCAGTAA,<avoidance2.features.AnalyzeSequenceFeatures object at 0x7f7ffc9e8940>,0.20155264538264,0.462606837606838,-4.09999990463257,-5.31,196.431345,1
ATGACTTCTAAGGTGTATGACCCAGAGCAGCGAAAGAGAATGATTACCGGACCGCAGTGGTGGGCCCGTTGCAAACAGATGAATGTGCTGGATAGCTTCATTAACTACTACGATTCTGAGAAACACGCTGAAAACGCGGTCATTTTCCTCCACGGCAACGCGGCATCTAGCTATCTCTGGCGTCATGTAGTACCACATATTGAGCCAGTCGCACGCTGTATCATCCCTGACCTAATAGGTATGGGAAAGTCTGGGAAAAGCGGTAATGGGTCATATCGTCTGCTCGACCATTACAAATATCTGACTGCGTGGTTTGAATTGCTGAATCTACCGAAAAAAATTATCTTTGTGGGGCACGACTGGGGCGCTTGCCTGGCTTTTCATTATAGCTACGAGCACCAAGACAAGATAAAGGCGATAGTCCATGCAGAGTCGGTTGTGGATGTCATCGAGTCATGGGACGAGTGGCCAGACATAGAGGAGGATATAGCTTTGATAAAATCCGAAGAAGGTGAGAAAATGGTGCTGGAAAATAATTTCTTCGTCGAGACAATGCTGCCTTCGAAGATAATGAGGAAACTTGAACCAGAGGAATTCGCCGCTTATTTGGAGCCCTTTAAAGAAAAGGGTGAGGTCAGGCGCCCTACTCTATCATGGCCTCGAGAAATACCCCTAGTCAAGGGGGGCAAACCCGATGTTGTCCAAATTGTGCGCAATTACAATGCATACCTTAGGGCCAGCGACGATCTCCCAAAGATGTTTATAGAGTCTGATCCAGGTTTTTTCAGCAATGCAATTGTTGAAGGAGCGAAAAAATTCCCGAATACAGAGTTTGTAAAAGTCAAAGGGCTTCATTTCAGCCAAGAGGACGCCCCAGATGAAATGGGAAAATACATTAAATCTTTTGTTGAGCGCGTATTAAAAAACGAGCAGTAA,<avoidance2.features.AnalyzeSequenceFeatures object at 0x7f7ffc9e88d0>,0.236670550697448,0.456196581196581,-7.69999980926514,-5.68,273.76233,1
ATGACATCCAAAGTGTACGATCCAGAGCAACGAAAGAGGATGATAACAGGTCCACAGTGGTGGGCTCGATGTAAACAGATGAACGTGTTGGATAGCTTTATCAACTATTATGACTCTGAGAAACATGCCGAAAATGCAGTAATCTTCCTACATGGAAACGCTGCTTCGAGTTACCTGTGGAGGCATGTCGTACCGCACATTGAGCCGGTAGCACGTTGTATTATACCTGACTTAATTGGAATGGGTAAGAGCGGTAAGAGCGGAAATGGTTCTTACCGTCTATTGGATCATTATAAGTACCTTACCGCCTGGTTCGAACTTCTGAATCTTCCAAAAAAAATTATATTTGTAGGTCATGACTGGGGCGCGTGTCTTGCTTTTCATTATTCATATGAGCACCAAGATAAGATCAAAGCCATTGTCCATGCTGAATCCGTCGTAGACGTCATAGAATCATGGGACGAGTGGCCTGACATCGAAGAAGACATTGCCCTGATAAAGTCAGAGGAAGGGGAGAAAATGGTCCTTGAGAACAATTTCTTCGTAGAGACTATGCTGCCATCAAAGATAATGAGAAAATTGGAACCAGAAGAATTCGCTGCTTATTTAGAGCCCTTCAAGGAAAAAGGCGAGGTAAGAAGGCCCACTTTATCCTGGCCCCGCGAAATTCCGCTCGTGAAAGGCGGAAAGCCTGATGTCGTTCAAATAGTTCGTAATTACAACGCTTACCTAAGGGCGTCGGATGATCTCCCGAAAATGTTCATAGAATCGGATCCCGGGTTTTTCTCTAATGCAATCGTAGAAGGGGCCAAAAAGTTCCCCAATACCGAATTTGTTAAAGTCAAAGGACTTCACTTCAGTCAGGAAGACGCGCCTGACGAGATGGGGAAATATATCAAGTCGTTCGTGGAAAGAGTCCTGAAAAACGAACAGTAA,<avoidance2.features.AnalyzeSequenceFeatures object at 0x7f7ffc9e8748>,0.23025202161205,0.441239316239316,-5.30000019073486,-3.09,209.170268,1
ATGACTTCGAAAGTTTACGACCCTGAGCAGCGAAAAAGAATGATCACCGGCCCACAATGGTGGGCCAGGTGTAAGCAAATGAATGTCCTAGACTCGTTCATTAACTACTATGATTCGGAAAAACACGCAGAGAACGCAGTAATCTTCCTACACGGTAATGCTGCATCGTCTTATCTATGGAGGCACGTCGTACCGCATATCGAGCCGGTTGCACGATGTATTATACCCGACTTAATTGGCATGGGCAAGAGCGGTAAAAGCGGCAACGGATCCTACAGACTTCTAGATCACTACAAGTATCTGACGGCGTGGTTCGAATTACTTAACCTCCCCAAAAAAATTATCTTCGTGGGGCACGACTGGGGGGCCTGTCTAGCTTTCCATTACTCTTATGAACACCAGGATAAGATTAAGGCTATAGTACACGCTGAGTCTGTGGTGGACGTGATAGAGTCGTGGGACGAGTGGCCTGATATCGAGGAAGACATAGCACTTATTAAATCCGAAGAGGGAGAAAAGATGGTGTTGGAGAATAATTTCTTTGTAGAGACAATGCTACCATCGAAAATCATGAGGAAATTGGAACCCGAAGAATTCGCCGCGTACTTAGAACCATTCAAAGAAAAAGGGGAAGTCAGGCGACCAACATTGAGCTGGCCTAGGGAAATTCCCCTTGTCAAGGGGGGAAAGCCGGACGTAGTGCAAATTGTGAGAAATTACAACGCCTACCTAAGGGCAAGCGACGACTTACCAAAAATGTTTATCGAGAGCGACCCGGGTTTTTTTTCGAATGCTATAGTGGAAGGGGCGAAAAAATTCCCTAATACGGAGTTTGTCAAAGTGAAGGGTCTGCACTTTAGCCAGGAGGATGCGCCAGATGAGATGGGCAAGTATATTAAAAGTTTCGTGGAGAGGGTCCTTAAGAATGAACAGTAA,<avoidance2.features.AnalyzeSequenceFeatures object at 0x7f7ffc9e85f8>,0.212975649374137,0.459401709401709,-8.19999980926514,-5.54,253.239717,1
ATGACTTCCAAAGTATACGATCCTGAACAGCGGAAACGGATGATCACAGGCCCACAATGGTGGGCACGGTGTAAGCAAATGAATGTTTTGGACAGCTTTATAAACTACTATGATTCAGAAAAGCACGCGGAAAATGCAGTTATATTTTTGCATGGTAACGCCGCCTCAAGTTATTTGTGGAGGCACGTGGTGCCCCACATAGAGCCCGTCGCACGCTGCATAATTCCTGATCTGATCGGCATGGGAAAATCCGGAAAGAGCGGCAATGGATCCTACAGATTATTGGACCATTACAAATATTTGACTGCCTGGTTCGAGCTTCTTAATCTTCCAAAGAAGATCATTTTCGTTGGTCATGATTGGGGCGCTTGCTTAGCTTTTCACTATTCATACGAGCATCAAGATAAAATTAAGGCGATCGTACACGCGGAGAGTGTAGTTGACGTAATAGAATCGTGGGACGAGTGGCCGGACATCGAAGAGGATATAGCGCTCATCAAGTCAGAAGAGGGGGAGAAAATGGTGCTAGAAAATAATTTTTTTGTTGAGACAATGCTACCATCGAAAATAATGCGAAAGCTCGAACCGGAGGAATTCGCTGCATATTTGGAACCTTTTAAAGAGAAAGGTGAGGTTAGGCGTCCCACGCTCTCATGGCCGCGGGAAATCCCCTTGGTAAAAGGCGGCAAGCCGGACGTAGTGCAGATTGTTAGGAATTACAACGCGTATCTCCGAGCCAGCGATGACTTACCAAAAATGTTCATTGAATCCGACCCGGGATTCTTTTCTAACGCTATAGTAGAAGGAGCGAAAAAGTTCCCCAATACAGAATTTGTGAAAGTGAAGGGGTTACATTTTTCGCAAGAAGATGCACCCGATGAGATGGGCAAATATATTAAGAGTTTCGTCGAAAGAGTCCTTAAAAACGAGCAATAA,<avoidance2.features.AnalyzeSequenceFeatures object at 0x7f7ffc9e8668>,0.212333568642628,0.44551282051282,-6.5,-3.7,249.311999,0
ATGACTAGCAAAGTCTATGATCCCGAGCAGCGTAAGCGAATGATTACGGGGCCGCAATGGTGGGCGAGATGCAAACAGATGAACGTACTTGACAGCTTTATTAACTACTATGATTCAGAGAAGCACGCGGAAAATGCCGTGATTTTTTTGCATGGCAATGCAGCTTCATCCTATCTTTGGCGCCACGTAGTTCCCCACATTGAGCCTGTCGCGCGATGCATTATACCTGATCTCATAGGAATGGGCAAGTCGGGCAAATCAGGTAACGGTTCATATCGGCTTCTCGACCACTACAAATACCTTACTGCGTGGTTCGAGCTACTCAACTTACCAAAGAAGATAATATTCGTTGGGCACGATTGGGGAGCGTGCTTGGCGTTTCATTACTCCTACGAACACCAGGACAAGATAAAAGCTATCGTTCACGCTGAGTCAGTTGTCGATGTCATTGAATCTTGGGACGAATGGCCAGACATTGAAGAAGACATTGCGCTCATCAAGTCGGAAGAGGGGGAGAAGATGGTTCTTGAGAATAACTTTTTCGTTGAGACAATGCTACCCTCGAAGATCATGCGCAAGCTCGAACCAGAAGAATTTGCGGCGTATCTTGAACCCTTTAAGGAAAAAGGTGAAGTACGCCGTCCAACACTTTCATGGCCTCGGGAGATCCCATTAGTTAAAGGCGGGAAACCCGACGTGGTTCAGATTGTCCGTAACTACAACGCATATCTTCGGGCTTCAGATGATTTGCCAAAGATGTTTATTGAAAGTGATCCAGGATTCTTCTCTAATGCTATCGTAGAGGGCGCTAAAAAATTTCCAAATACAGAGTTTGTGAAAGTCAAGGGACTACACTTCTCGCAAGAGGACGCTCCAGATGAGATGGGAAAGTATATCAAGTCGTTCGTTGAACGAGTGTTGAAAAATGAACAGTAA,<avoidance2.features.AnalyzeSequenceFeatures object at 0x7f7ffc9e86a0>,0.228724624220588,0.456196581196581,-8.39999961853027,-5.86,248.342539,0
ATGACTAGCAAAGTATACGATCCTGAGCAACGCAAACGTATGATTACGGGACCACAATGGTGGGCTCGATGCAAGCAAATGAACGTGCTAGATTCTTTCATCAATTATTATGACTCAGAAAAACACGCGGAGAACGCAGTTATATTCCTCCACGGCAACGCTGCCAGCTCTTATTTGTGGCGCCACGTAGTGCCCCATATCGAACCCGTCGCACGTTGCATCATACCAGACTTAATCGGGATGGGAAAATCGGGGAAATCAGGCAATGGCTCATATCGGCTTTTAGACCACTACAAGTATCTCACTGCATGGTTCGAGTTACTCAATCTCCCGAAAAAGATCATCTTTGTAGGACACGATTGGGGTGCTTGTCTAGCGTTCCATTACTCGTACGAGCATCAAGACAAGATAAAGGCCATAGTACACGCTGAGTCAGTAGTTGATGTTATTGAGAGTTGGGACGAATGGCCTGACATTGAAGAGGACATTGCGTTGATAAAAAGCGAAGAGGGTGAGAAGATGGTCTTGGAGAACAACTTTTTCGTAGAAACGATGTTACCGAGCAAGATCATGCGAAAGTTAGAGCCGGAGGAGTTCGCCGCCTATCTCGAACCTTTCAAAGAAAAAGGAGAAGTAAGGCGGCCAACGCTGAGTTGGCCCCGCGAGATACCTTTAGTTAAGGGGGGTAAACCAGATGTTGTGCAAATAGTTAGGAACTACAATGCGTACTTACGCGCTTCCGACGATTTACCCAAAATGTTCATAGAGTCCGACCCTGGTTTTTTCAGCAACGCGATCGTAGAAGGCGCAAAAAAGTTTCCAAATACTGAATTCGTTAAAGTCAAGGGCTTGCATTTTAGCCAGGAGGACGCACCCGACGAAATGGGCAAATACATTAAAAGCTTCGTAGAACGTGTACTAAAAAATGAGCAATAA,<avoidance2.features.AnalyzeSequenceFeatures object at 0x7f7ffc9f96d8>,0.25619492488759,0.455128205128205,-6.59999990463257,-4.03,222.805076,0
ATGACAAGCAAAGTCTATGACCCTGAGCAGCGGAAGAGAATGATCACCGGGCCCCAGTGGTGGGCTAGATGCAAGCAGATGAATGTACTTGATTCCTTCATCAATTACTACGACTCGGAGAAACATGCTGAGAACGCTGTCATTTTCCTCCATGGCAACGCCGCTTCATCTTACCTCTGGCGTCATGTCGTTCCCCATATTGAACCCGTAGCGAGGTGCATTATACCGGATCTGATTGGCATGGGTAAGAGTGGGAAGTCCGGTAACGGAAGTTATCGACTACTTGACCATTACAAGTACCTGACTGCATGGTTTGAACTGCTGAACCTACCGAAGAAGATTATCTTTGTAGGGCATGATTGGGGAGCGTGTCTTGCTTTTCACTATTCCTATGAACACCAGGACAAAATCAAAGCAATCGTCCACGCAGAGAGCGTAGTAGATGTAATAGAGAGTTGGGACGAGTGGCCGGATATTGAAGAGGATATAGCGCTGATCAAGAGTGAGGAGGGAGAGAAGATGGTCCTTGAGAATAATTTCTTCGTGGAAACAATGTTACCTTCGAAAATTATGCGTAAGTTAGAACCCGAGGAGTTCGCTGCATATCTAGAACCTTTCAAAGAAAAAGGGGAAGTTCGCCGACCTACGTTATCTTGGCCGCGCGAAATCCCGCTCGTAAAAGGGGGAAAACCGGATGTAGTGCAAATCGTGCGAAATTATAACGCTTACCTTAGAGCCTCAGATGACCTCCCCAAAATGTTTATTGAGAGTGACCCCGGCTTTTTTTCGAATGCTATCGTAGAGGGCGCAAAAAAATTTCCTAATACGGAGTTCGTGAAGGTTAAGGGTTTGCACTTTTCTCAAGAAGATGCTCCTGATGAAATGGGAAAATATATCAAGAGCTTTGTTGAGCGAGTTCTAAAGAACGAGCAGTAA,<avoidance2.features.AnalyzeSequenceFeatures object at 0x7f7ffc9f90b8>,0.246192166304048,0.456196581196581,-5.69999980926514,-5.73,212.668864,1
ATGACGTCTAAAGTATATGATCCTGAGCAAAGAAAACGTATGATTACGGGGCCCCAGTGGTGGGCCAGATGCAAGCAAATGAATGTTCTTGACTCTTTTATTAACTATTACGACTCTGAAAAGCACGCTGAAAATGCAGTCATATTTCTACACGGCAATGCAGCTTCATCGTATCTTTGGAGGCATGTTGTTCCTCACATAGAGCCCGTTGCACGTTGTATCATACCAGACTTGATAGGCATGGGGAAAAGTGGAAAGTCAGGGAACGGTTCTTATAGATTGCTTGACCATTATAAGTATTTAACGGCATGGTTCGAACTGCTCAATCTTCCTAAAAAAATTATATTCGTAGGACATGATTGGGGCGCATGCTTAGCGTTTCATTACTCGTATGAACACCAAGATAAGATCAAAGCAATCGTTCATGCCGAGTCTGTCGTCGACGTAATTGAGAGTTGGGATGAATGGCCGGATATTGAGGAAGATATTGCCTTAATTAAGTCCGAGGAAGGCGAGAAGATGGTCCTCGAGAATAATTTCTTTGTTGAGACTATGTTACCTAGCAAGATCATGCGCAAGTTGGAACCTGAAGAATTCGCAGCGTACCTGGAACCCTTTAAAGAGAAGGGAGAGGTAAGGAGGCCAACGTTGTCCTGGCCCAGAGAAATACCGCTTGTCAAGGGAGGTAAGCCAGATGTCGTACAAATTGTCCGGAACTATAACGCATATTTAAGAGCGTCTGACGACTTACCAAAAATGTTCATAGAATCCGATCCAGGATTCTTTAGTAACGCCATTGTTGAAGGTGCTAAGAAGTTTCCTAATACGGAATTCGTGAAAGTAAAAGGTTTACATTTTTCTCAGGAGGACGCGCCGGATGAAATGGGCAAGTATATTAAAAGTTTTGTGGAACGGGTGCTGAAAAACGAGCAATAA,<avoidance2.features.AnalyzeSequenceFeatures object at 0x7f7ffc9f9cc0>,0.223042818890718,0.426282051282051,-8,-4.78,274.127308,0
ATGACCAGCAAGGTCTATGACCCGGAGCAAAGGAAGCGTATGATCACGGGCCCACAATGGTGGGCCCGTTGTAAGCAGATGAATGTACTGGACAGTTTTATCAACTATTACGATTCCGAAAAACACGCAGAGAATGCCGTGATATTCCTTCACGGGAACGCGGCATCATCCTATCTCTGGAGGCATGTAGTGCCACATATAGAACCGGTGGCCAGGTGCATCATTCCTGACCTGATCGGTATGGGCAAGTCTGGCAAGAGTGGGAATGGGTCCTACCGATTACTGGACCATTACAAATATTTAACAGCTTGGTTCGAGCTCCTAAACCTACCCAAAAAGATTATTTTCGTTGGACATGACTGGGGCGCTTGTCTGGCGTTCCATTACAGTTATGAGCATCAAGATAAGATCAAAGCTATAGTACACGCGGAGTCGGTTGTCGATGTGATCGAGTCATGGGATGAATGGCCAGACATCGAGGAAGATATCGCCTTGATTAAGAGTGAGGAGGGTGAAAAGATGGTGCTCGAGAATAATTTTTTTGTAGAGACGATGTTGCCATCGAAAATTATGCGTAAGCTTGAACCTGAGGAGTTCGCAGCTTATCTCGAACCATTTAAAGAAAAAGGCGAGGTTAGACGACCCACGCTGTCGTGGCCACGTGAAATACCATTGGTTAAGGGTGGAAAACCAGACGTGGTTCAGATTGTGCGCAACTACAATGCCTACTTGAGAGCTTCTGACGATCTCCCCAAAATGTTCATCGAATCTGACCCCGGGTTTTTTAGTAACGCTATTGTGGAAGGCGCTAAAAAATTTCCTAATACCGAATTTGTGAAGGTTAAAGGACTACATTTTAGCCAGGAGGACGCACCGGACGAGATGGGGAAGTATATTAAAAGCTTCGTGGAGCGGGTCCTGAAAAACGAACAATAA,<avoidance2.features.AnalyzeSequenceFeatures object at 0x7f7ffc9f9c88>,0.24969623145111,0.462606837606838,-8.5,-6.92,296.754908,1
